id,date,source,score,title,text
"3463d079-6b9e-4865-abb2-c0a1b93ae201","2025-12-01T06:22:34.400Z","google_play",5,"","very beautiful"
"4ad3afaf-9875-449f-889f-5e1f939e672f","2025-12-01T04:52:05.996Z","google_play",5,"","good"
"e7f895c8-8e07-40e0-83d6-3da1bceb9d3c","2025-11-30T21:15:52.825Z","google_play",3,"","Please help us by enabling an option to share the learning certificates on LinkedIn or download them as a PDF, similar to how Zerodha Varsity provides. This feature will also increase IndMoney‚Äôs visibility on LinkedIn and attract more users to the platform. Thank you."
"5cf0bf6a-b786-400c-adec-0922798d365d","2025-11-30T19:31:29.438Z","google_play",5,"","good üëç"
"8e721d7c-0c57-48ee-a35f-a54973fea026","2025-11-30T16:27:20.611Z","google_play",5,"","ok tnq"
"7e9d55c8-702f-4e9b-a27d-f0bc57f261e7","2025-11-30T11:46:59.491Z","google_play",1,"","Worst service from the support. A stock is getting delisted and the positions will be liquidated but they didn't reply even after 10 days of filing an enquiry."
"736a5207-829e-4fc9-8ef9-0978decb7e21","2025-11-30T10:19:26.227Z","google_play",5,"","ok"
"13458227869","2025-11-30T10:12:56.000Z","app_store",5,"INDmoney is one of the best finance apps I‚Äôve used!","The interface is clean and easy to use, and it helps me track all my investments in one place. I love the features like free credit score checks, FD/Mutual fund options, and automatic portfolio tracking. The app is fast, reliable, and very helpful for managing my money. Highly recommend it to anyone who wants a simple and smart way to handle finances!"
"91477e98-c90c-4574-a829-d0619d6ebe7c","2025-11-30T09:32:01.867Z","google_play",5,"","very good"
"b061a79f-e0f0-4eab-8474-71680bbf06f3","2025-11-30T07:34:59.443Z","google_play",3,"","The Best (5 star)in terms of buying and operating mutual funds but worst customer service support (1 star) if planning to buy insurance through it"
"48202749-f2a4-474e-85e9-e7aea69bbf23","2025-11-30T06:50:03.222Z","google_play",5,"","good experience."
"80c24056-7bae-4cdb-88e1-73130efbd343","2025-11-30T06:49:41.570Z","google_play",1,"","App would be great if budgeting and tracking using categories is customisable so people can record the transactions in real-time for which category and all. It was good initially now everything is cluttered I feel. UI is not so good"
"50888c66-01b5-4ae5-88ca-b12cb514e0cd","2025-11-30T02:24:50.623Z","google_play",4,"","1)I very disappointed customer service because Tamil language not available kindly arrange the team many people are used in tamilnadu so some information understand some information not understand both user and customer support 2)improve US stock explore page like separately divided mega,large,mid,small and more features implement for better user experience 3)before indian stock explore page super but now this update I very disappoint because seprate sector wise show a stock kindly implemet"
"7c01e83c-a7fe-4732-aa00-7f7baf886332","2025-11-30T01:44:18.180Z","google_play",4,"","super"
"c000a444-6c7e-45b1-98e9-c35856f3950b","2025-11-29T19:56:58.659Z","google_play",4,"","It needs more customization like candle charts, volume chart which are not available edit - thanks they actually added them."
"667b23d0-3253-4864-916f-7d02eaf40dfe","2025-11-29T15:40:16.489Z","google_play",5,"","good app"
"817cd70b-5b51-438e-8565-4bd67873ee8f","2025-11-29T14:07:17.849Z","google_play",5,"","The best app"
"eb30015d-9a65-4c9a-9f7e-4a32dca8615a","2025-11-29T12:04:18.391Z","google_play",4,"","I had some issues with KYC and depositing Update: All of my issues were resolved promptly by the support team ! Hopefully they will keep improving the application."
"df6d1d0d-2f0c-483f-86ab-afbac57fa4fa","2025-11-29T09:57:22.298Z","google_play",1,"","please stop sending frequently whats app messages, mail, Loan promotion, insurance promo, credit payment reminder, it's to much irritating. I know to pay my bill you don't remind. please stop after I have block you guys. still your sending every day. stop it"
"277a6b05-ddcc-4f57-ad43-de15a2f1fe7d","2025-11-29T06:30:34.233Z","google_play",1,"","1-MUST give MTFs for US Stocks 2-FUTURES & OPTIONS for Commodity MARKET 3 - FUTURES & OPTIONS for US STOCKS"
"13453502282","2025-11-29T05:06:01.000Z","app_store",5,"Really great app experience","Its really good app for finding new SIP and Etc and we can withdraw any time we want money from so it convenient for use than other app"
"7070c816-e6cd-4e83-8426-874351e7951e","2025-11-29T04:21:47.407Z","google_play",5,"","Use For Multiplex Stock market"
"13453088305","2025-11-29T02:14:08.000Z","app_store",1,"Fraud App","This is totally a fraud app. My MTF position was squared off and I suffered a heavy loss due to negligence and failure of IND Money employees and management. I urge users not to download this app and there are many other excellent apps where users money is safe and secure. I would have given negative rating had there been any option. I am gonna put this before various regulators also."
"78629596-bf08-490b-97e1-8e863b911c55","2025-11-29T01:54:27.575Z","google_play",3,"","Easy application"
"e1001130-050b-47fe-b06f-119a7d61645a","2025-11-28T19:42:43.424Z","google_play",1,"","App not supporting 11 inch tablets"
"5135a419-1a67-4dd0-ada2-50e3f283543c","2025-11-28T15:04:09.258Z","google_play",3,"","okay"
"a52d535f-b550-4eac-ae03-a7aeea8f0ec4","2025-11-28T14:57:01.575Z","google_play",5,"","ok"
"9a23c4f0-cc57-4f4c-84bc-8b973808ea37","2025-11-28T12:07:52.314Z","google_play",5,"","Poor Apps"
"66f998a7-8ed1-433f-a6ca-30682b714d54","2025-11-28T11:53:12.184Z","google_play",5,"","good"
"49dbc644-b413-40f3-b9a2-1df552f26292","2025-11-28T09:15:53.201Z","google_play",5,"","nice"
"2e7d87b2-18f0-44f0-9b9d-8c153b50f1e5","2025-11-28T07:53:20.936Z","google_play",4,"","satisfied with the services provided."
"e37e3a5f-adb5-44e1-8d34-0a434ab24617","2025-11-28T05:34:01.462Z","google_play",5,"","good"
"fd9b3bef-eec4-407c-89aa-cfc89081a539","2025-11-28T04:16:38.704Z","google_play",5,"","nice and good"
"0eb87cd1-4cca-4500-af62-4a89c27a6b1e","2025-11-28T03:51:14.652Z","google_play",1,"","Does not work with VPN. I use duckduck go vpn to block advertising. Does not work with USB debugging enabled and developer mode. I am a developer, so i need both for my daily work. ALL OTHER UPI APP WORKS WITH ALL THREE SETTINGS ENABLED. Uninstalled. Very bad user experience."
"3f8cab39-3891-4a91-8112-0ab1d9b1d23c","2025-11-27T20:36:59.272Z","google_play",3,"","Mutual fund showing the absolute % rate which is not correct for SIP investment, it should show the XIRR returns, which is the correct way to check our investment returns, When we see our portfolio it can see only absolute returns not able to find we are investing correct way"
"d4fc4c87-f7bb-4f57-a2b1-f5fd44e1b048","2025-11-27T19:37:56.648Z","google_play",2,"","I cannot access the app from my tablet. I can only access it from my phone"
"0a66c8bc-171b-410b-b2b7-50490ec39e5d","2025-11-27T19:16:25.999Z","google_play",1,"","even if you link your bank and give all permissions You CANNOT Invest IN US STOCK MARKET THEY WILL MAKE IT NECESSARY TO OPEN EITHER A FEDERAL BANK AC OR HDFC OR AXIS INDMONEY IS A SCAM AND LIERS"
"a4f7e69a-710f-45a2-87cd-3c62914c47e4","2025-11-27T17:57:30.414Z","google_play",5,"","its good"
"08800c39-3771-4fa2-bb7c-9b65186119c2","2025-11-27T17:47:20.471Z","google_play",5,"","good app for invesment"
"31d0077a-84f9-44c7-8a90-280e5f02fa60","2025-11-27T16:50:54.599Z","google_play",1,"","Initially, there was a response when I opened my account. But after opening the account and purchasing couple of mutual funds, there is no response to my queries since then. the names of my nominee has been removed. email id, bank accts changed this is a matter of serious concern to me.it is impossible to dea with this organization. very unreliable unprofessional and incompetent. am helpless and stuck with them with no resolution. update 27.11.25 issue still unresolved!"
"b4cc4e01-719f-467e-90b6-425818923356","2025-11-27T15:39:54.202Z","google_play",5,"","good thing"
"c367493e-0f01-4d1e-851b-0c9a7f4d9d53","2025-11-27T09:23:41.460Z","google_play",5,"","excellent app"
"7b2d6d80-df9f-4c62-827c-5fcac7def5cc","2025-11-27T09:22:11.980Z","google_play",4,"","Everything in the app is nice . I just want a direct chat with agent customer support in app ."
"77c713ad-164d-4c05-800d-9653ff1e7efd","2025-11-27T08:09:38.559Z","google_play",5,"","all in one best application all investment ek platform pe mutual fund fd insurance, konsa sa fund underperforming hai aur konsa outperform all details in one app."
"a02bb865-1cdb-4152-ac3e-ca317c352db3","2025-11-27T07:37:48.528Z","google_play",5,"","super"
"a5fbdc05-f9a0-4e26-8952-e17e66d040ad","2025-11-27T07:08:19.391Z","google_play",1,"","worst update, you can't see your position in fo"
"3f8bca68-1940-468f-9691-94b6f69e1d41","2025-11-27T06:32:26.975Z","google_play",5,"","very nice application üëç"
"470240d8-eb3e-4aeb-bf7b-d239f2458ace","2025-11-27T06:12:01.608Z","google_play",1,"","INDmoney has the worst customer service I‚Äôve ever seen. My deposit has been stuck for 20+ days, the app doesn‚Äôt allow me to upload the bank statement, and even after sending screen recordings, they kept giving copy-paste replies. No proper support, no resolution. I‚Äôm closing my account and also closing two more family accounts that I had recommended earlier. If your money gets stuck here, good luck ‚Äî you‚Äôll be on your own."
"f2d6e278-e9ff-4024-a8c8-4d7dd41fd6a5","2025-11-27T06:09:35.540Z","google_play",5,"","Good app no hidden charges except ‚Çπ299 for instant deposit and free withdrawal. No charges for buying and selling stock. Please introduce stop loss.... Edit : They introduced stop lossüòá and brokerageü•≤"
"d4778b1a-8ff4-4975-8792-63a5ebca860d","2025-11-27T05:48:12.987Z","google_play",5,"","Good to fresh knowledge"
"9e692810-eac0-4d44-b8ab-a7b884f1ad93","2025-11-27T05:45:46.642Z","google_play",1,"","Transfer failed today and show download leaste app i update leaste app but not working"
"15e3ba23-05b0-4d63-983b-8ef87166ae17","2025-11-27T04:35:58.475Z","google_play",3,"","good"
"3ae4ad18-4a27-4e52-95ae-bd899124596d","2025-11-27T02:57:10.963Z","google_play",5,"","very good üëç"
"78f20d75-edeb-435b-b93b-970a3c97e21b","2025-11-27T02:37:05.371Z","google_play",5,"","Best"
"13445253906","2025-11-27T01:07:34.000Z","app_store",5,"This is my favorite investment app","The new update is awesome. I love every single features in the app, I use it for everything literally. Stocks, mutual funds to CC payments.. I can see my net worth across all my investments, tracks even PPF and EPF‚Ä¶ thank you so much developers for working hard on this product. Pl continue to build better this trust worthy application. I think you guys have really stayed the course of one app for everything which was the initial goal. Please don‚Äôt allow inexperienced developers to create buggy versions in future."
"3bfc58c5-656a-4e52-8faf-2b7f9dfbcb76","2025-11-26T18:54:25.419Z","google_play",1,"","fraud app.eats your money with the bugs in it and no support executive to resolve the bug in app. pls do not use it.go for Zerodha"
"c47bdbdb-93da-4e83-ad39-989b5b6383ca","2025-11-26T18:29:43.387Z","google_play",4,"","good"
"fc2b44ec-7157-45fa-b2e5-f56189cd0e0e","2025-11-26T16:22:02.829Z","google_play",5,"","nice app üëç"
"ee967e33-44e8-4a35-b956-69b4853d2d78","2025-11-26T11:49:01.702Z","google_play",5,"","hi please change the home interface for ind stocks like invested amount, current value, Total investment value and Absolute return and 1 day return . please apply all this in one place in Ind stocks home screen in green and black colour with good font style, so that it will helpfull and attractive.. I can see that mutual fund home screen is looking good. I hope this will apply ASAP."
"5722c189-7c05-4dd2-9b86-ee4b17ce2fd0","2025-11-26T10:10:52.410Z","google_play",1,"","pathetic app. you will get 1000s of spam call for loan related. don't install this"
"e96a095d-5770-4577-b7a2-3e9602b590a7","2025-11-26T10:02:41.964Z","google_play",5,"","Excellent app with user friendly interface"
"9fc69746-dbd2-4ca1-b0d3-061c5682bd54","2025-11-26T09:16:02.160Z","google_play",3,"","A very important update is needed in the app: For any order we‚Äôve placed, the current price of that stock or option should be visible in the ‚ÄúOrders‚Äù tab. This helps us track the price fluctuations and decide whether to cancel the order or let it execute.Also, if we cancel an order, there should be a ‚ÄúReorder‚Äù option so we can place the same order again easily."
"13442356677","2025-11-26T07:59:03.000Z","app_store",1,"Very poor in intraday","If you set a limit they deny it as a result you will make a huge lose after it"
"a3a61f80-8aeb-4309-af9e-e3988eaacb73","2025-11-26T07:18:19.951Z","google_play",3,"","please use full names (instead of first name and last name) for nominees as most government IDs use full names. please sort assets in descending order of value in the main myIND page. INDpay UPI ID exposes our phone numbers, and there is no option to change it!"
"206fb642-50c6-40f5-a442-467efc7eb764","2025-11-26T06:59:42.178Z","google_play",4,"","good üëç"
"7c5d21f5-887d-4dd9-ba47-dcbbd6fd77dd","2025-11-26T06:24:16.513Z","google_play",5,"","can't open app"
"641f3dc2-3769-4fb0-9857-003da2a04e12","2025-11-26T06:07:07.974Z","google_play",5,"","It is one of the best app for equity as well as F&O trading."
"94935ce8-fc5a-4ee8-a5e0-442225973a60","2025-11-26T06:04:58.168Z","google_play",5,"","Awesome üëç"
"ad2c1e5e-df8f-416f-b605-beac0ec8611c","2025-11-26T05:55:51.220Z","google_play",3,"","Add in mutual funds fortnightly payment options feature in mutual fund section in next update for better convenience."
"e560fe90-602e-4f4a-9462-b88b499151ed","2025-11-26T04:24:55.461Z","google_play",5,"","It still doesn't track NPS Tier 2. Would be helpful if it is added instead of manually tracking it as a separate category."
"c5309948-6974-481b-9b4b-d00510594880","2025-11-26T03:22:09.905Z","google_play",5,"","Excellent üëç"
"29470760-ba6e-42a4-bb81-fbce0036a052","2025-11-26T02:35:15.377Z","google_play",1,"","I am trying to Open this app since from last morning but not opening, I am regularly using this app. I am not able to track my stock and Trade"
"1a0a1844-1024-4810-ab8f-22253bc46cb2","2025-11-26T02:28:46.238Z","google_play",5,"","Excellent application"
"cbccaef8-238d-4787-ae4f-8734f4c5ea86","2025-11-25T23:03:59.489Z","google_play",5,"","very good app"
"836dda9c-11b9-4569-8fc3-fa5eef7efd23","2025-11-25T19:18:20.500Z","google_play",1,"","I was very satisfied and happy trading in ind money so I gave 5 star but now I would change to 1 star as their new update has made my trading experience horrible with ind money the loss which I haven't incurred in trade is been shown in the P&L statement and they say that this change is made for better view of the profit or loss incurred whether realised or unrealized that's disgusting"
"0711a393-bd0c-4bbb-bddd-913e5f1bce9a","2025-11-25T17:23:41.416Z","google_play",5,"","good"
"f1402ed1-970e-43b7-9bab-5cbf413cdd76","2025-11-25T15:52:05.217Z","google_play",5,"","very good app for selling/buying us stocks"
"b213c6e7-09f5-434a-96f7-2e39b503bb90","2025-11-25T14:59:07.833Z","google_play",4,"","Hi. Your application is one of the best trading/investment apps in the market. However, I found a small issue in your app. The daily time frame charts in the US market don‚Äôt seem to show accurate data. Kindly look into this matter asap to provide the best possible trading experience for your users. Thanks!"
"13439718109","2025-11-25T14:37:01.000Z","app_store",1,"Persistent bug","App freezes when you open it the first time. You have to minimise and open again. Bug from last 4-5 updates."
"4e4cf68d-18dc-4e8e-b435-f595b2b35ede","2025-11-25T13:29:53.809Z","google_play",1,"","God knows how people are rating this good, started investing here thinking it would be good but my experience is just getting worse. App has glitches, the UX is pathetic. Its just shiny app with fancy marketing I guess. The SIP features are so confusing and complicated. This product is made by too tech savvy idiots who dont care about customer satisfaction and usabilityüòÇüìâ Update: After update this app is now even worse, I hit the buy button on any ticker and the app crashesü§°"
"91f56938-7a65-4eac-8e35-51d1ed81a59c","2025-11-25T12:23:55.924Z","google_play",5,"","very nice üôÇüëç"
"e65e5788-8c8a-48ae-ba72-3d874d643e38","2025-11-25T11:29:21.501Z","google_play",5,"","absolutly amazing indepth details unlike other mf or stock app."
"13438813351","2025-11-25T09:42:52.000Z","app_store",4,"Reports on break down option","No provision to view break down option of stocks held. Though transaction option gives all transactions of such transactions since inception, there is no report or provision available to see whether selling a stock would yield profit or loss. While selling, it should be available."
"87b88f17-5173-478a-a3b1-52b2be73ab31","2025-11-25T07:27:09.241Z","google_play",1,"","never go for mobile recharge. it takes very long to resolve problem if it goes pending"
"89f584da-bc3d-4593-b491-21257242c93a","2025-11-25T06:51:04.326Z","google_play",5,"","easy app"
"256ea68f-1b3f-4bcd-8b3f-4717bd4ea394","2025-11-25T04:52:11.913Z","google_play",4,"","very nice"
"d2f2d360-c12f-422e-94ad-391be5cf9777","2025-11-25T02:45:27.635Z","google_play",1,"","top class fraud beware"
"31f0baa7-9452-40f9-a313-ad8658445f3b","2025-11-25T02:07:49.596Z","google_play",5,"","good app for beginners"
"7ff7f79d-c6c4-4a3d-b8f8-a0e1a20671da","2025-11-24T16:55:17.366Z","google_play",5,"","very good"
"79c2c9a6-1000-4a42-8ca9-5aed557e968b","2025-11-24T13:50:27.506Z","google_play",1,"","this app service is not good , After 22 minutes waiting for verification I feel totally waist of time... not recommend"
"31607fba-a738-4426-9d1e-05104964af46","2025-11-24T13:20:32.450Z","google_play",5,"","Ind money üí∞ üíØ% safe and secure Life Time Saving money üí∞ü§ë good üëç I am impressed really 7*******"
"352e658c-ded1-4185-b220-04c59f6041a0","2025-11-24T13:04:29.686Z","google_play",2,"","great"
"e11a1203-0ebf-4be6-b0bb-6fde52e3cc46","2025-11-24T10:06:05.641Z","google_play",5,"","nice"
"a1940acf-ec7e-4093-959c-4fba261d6b2b","2025-11-24T07:42:47.798Z","google_play",1,"","UPI payment is kept on loading after newly added security checks."
"b6fa965b-7afb-405b-9be9-66f18a828852","2025-11-24T06:40:17.598Z","google_play",1,"","Ind money othority customer service very froudly companies and deposit money know withdrawal know download any customer ind money application"
"6f945e47-95c1-41db-9bfc-0afacb10945e","2025-11-24T05:21:18.626Z","google_play",4,"","Their Charts and Prediction are very informative and Easy to understand üôÇ"
"ef3ed6f4-7e6b-41c4-9108-2c6cd5f32899","2025-11-24T05:12:15.937Z","google_play",1,"","OBV ‡§á‡§Ç‡§°‡•á‡§ï‡•ç‡§∏ ‡§µ‡•â‡§≤‡•ç‡§Ø‡•Ç‡§Æ ‡§™‡§¢‡§º ‡§®‡§π‡•Ä‡§Ç ‡§™‡§æ ‡§∞‡§π‡§æ ‡§á‡§∏‡§≤‡§ø‡§è 0 ‡§¶‡§ø‡§ñ ‡§∞‡§π‡§æ ‡§π‡•à‡•§ app ‡§ï‡•Ä limitation ‡§π‡•à‡•§ Intraday ‡§ï‡•á ‡§≤‡§ø‡§è INDmoney ‡§∏‡§π‡•Ä ‡§®‡§π‡•Ä‡§Ç ‡§π‡•à‡•§ 1 star"
"c023f0df-63a8-4d22-91a6-50b45d2a280c","2025-11-24T03:52:59.111Z","google_play",5,"","I didn't like the recent update of app interface, previous one was user friendly please try to change it. üôèüèª"
"8942a363-c7d5-43e7-afcd-5bff833971f4","2025-11-24T01:11:12.800Z","google_play",5,"","Good üëç and nice"
"6e040207-6fd2-400b-a240-3a12a0be0b21","2025-11-23T22:07:58.947Z","google_play",5,"","nice"
"3f7bd9e9-680a-47e8-b6ea-6a41dc29a918","2025-11-23T20:40:51.528Z","google_play",4,"","Comparison not working."
"2b8fc5ab-47fb-4d92-971b-71ee85230f33","2025-11-23T18:01:44.283Z","google_play",4,"","good üëç"
"5d07ffc3-cc7b-42fc-a1aa-69ea33788e70","2025-11-23T15:17:16.716Z","google_play",5,"","indmoney best"
"e6f037ee-5569-40bc-a7d3-693c6f523288","2025-11-23T11:46:17.361Z","google_play",4,"","ok"
"11212c4a-f45f-4d58-aa6f-244aeb66c405","2025-11-23T08:07:27.949Z","google_play",3,"","I am reducing my rating from 4 to 3 stars. In the recent software update they have removed the sort & filter option from the watchlist. How do I monitor all my ETFs? @Ind money why remove essential & basic features? Please restore the original watchlist, which had sort by return, filter, current price & 1 day's return. Apart from that the overall app experience is good. I recommend this app for managing wealth."
"54d2fa0c-789a-453d-b70a-fea85e181298","2025-11-23T08:04:51.523Z","google_play",5,"","interested so good"
"d97730bf-7e7b-4882-a2b7-6a0ad329c6c1","2025-11-23T05:55:32.690Z","google_play",1,"","I used the INDmoney app to complete a mobile recharge, but the recharge was not processed. It has been over 48 hours, and the status is still showing as pending. However, the amount has already been deducted from my account. I tried waiting, but nothing has been updated. This is very disappointing and inconvenient. Please resolve this issue as soon as possible and improve the recharge service worst app don't use this app my sincere request"
"13429228720","2025-11-22T20:05:32.000Z","app_store",1,"Not compatible in iPad screen","Your application is not properly compatible with iPad screen. In iPad also it is visible like I am seeing in mobile screen. Responsiveness is not available. Please work on it"
"6c191c61-205a-4f4d-89b2-2e4d9240c3d7","2025-11-22T17:02:04.984Z","google_play",1,"","very slow"
"13427335436","2025-11-22T10:04:54.000Z","app_store",3,"Request for Commodity trading features availability in the App","Thanks for lot of trading and investment options. If you add commodities trading then only you will become All in One App."
"dcc49af8-b59a-43f7-a07d-3818a56ecda8","2025-11-22T09:35:12.587Z","google_play",5,"","ok"
"4912e6af-5cc6-4d32-99b1-745a1f2e99d0","2025-11-22T09:11:29.526Z","google_play",5,"","very good"
"78fa59f1-c5b1-47d2-9e9a-520cab7e359f","2025-11-22T08:11:10.270Z","google_play",5,"","good"
"7faeeab5-4b45-4c03-9134-4d582d65bdbd","2025-11-22T07:26:51.204Z","google_play",5,"","Best trading app in India. Thanks to the indmoney team."
"9fe4081b-34d7-4079-994f-5dbcd576dada","2025-11-22T07:15:46.639Z","google_play",5,"","Excellent üëçüèª service for investment plateform."
"a7895463-34d2-47be-bf3f-117a93b02d2a","2025-11-22T05:54:08.810Z","google_play",4,"","please add loans also to track everything in one app in auto track feature add other mail also"
"ebc28744-94ea-4ebd-a489-dab56456d4c6","2025-11-22T04:59:00.261Z","google_play",4,"","nice"
"905003db-1127-4866-99e6-ee8df7b30f89","2025-11-22T03:01:49.376Z","google_play",1,"","fraud application don't use"
"520f820f-dc46-45af-9256-cbdfb53d4489","2025-11-22T02:42:38.584Z","google_play",5,"","osm"
"0f8733b4-f88e-4502-ba02-ef084aebad53","2025-11-22T01:34:09.327Z","google_play",1,"","waste"
"a1d36308-cd42-472c-a55a-b12473771470","2025-11-21T19:05:57.732Z","google_play",5,"","good"
"159f0e14-2ac7-4c89-bbf1-10b17d7b57fd","2025-11-21T18:52:31.262Z","google_play",1,"","It calls my firewall a VPN, and refuses to verify phone number, citing some NPCI guidelines. All other UPI apps run fine on my phone except this. Lazy programming."
"13424873311","2025-11-21T17:29:07.000Z","app_store",5,"Best all-in-one finance app in India","I‚Äôve used almost every finance app ‚Äî Zerodha, Upstox, Groww, Neo ‚Äî but INDmoney is on another level.  Everything is in one place: 	‚Ä¢	Stocks, Mutual Funds, US stocks 	‚Ä¢	Health & Life insurance 	‚Ä¢	Loans, credit score 	‚Ä¢	Track gold, silver, crypto 	‚Ä¢	Clean UI + zero ads 	‚Ä¢	Best MTF system I‚Äôve used 	‚Ä¢	Super fast and accurate portfolio tracking  Even my bank accounts and expenses are synced automatically.  This is the only app that actually feels like a complete financial dashboard. Highly recommended for beginners and advanced users. Just brilliant üëèüî•"
"e9ee71de-2e6e-4c6c-bed6-76f533b7c71a","2025-11-21T16:14:03.663Z","google_play",5,"","very good app I recommended this app"
"9ab8c8d1-5ba5-4a43-86c3-647c4ab20bf6","2025-11-21T15:56:25.213Z","google_play",3,"","good"
"95437c8f-2976-43e2-9d3a-01cd97a1777e","2025-11-21T14:18:34.108Z","google_play",1,"","upi registration fail something went wrong problem"
"13435c93-239c-4720-8999-a2feb7a6c260","2025-11-21T09:09:47.808Z","google_play",4,"","It is a good app, but at times not sure at all about the changes in values. Tough to figure out the difference."
"20fe7c6a-aaa8-4749-bb3f-ed84b1feb463","2025-11-21T08:46:49.391Z","google_play",5,"","it's a great platform to buying stock for my experience."
"766029c1-ed94-4875-a4b7-519432d7f0c5","2025-11-21T07:11:55.969Z","google_play",1,"","I could have made tons of profits if the communication was clear from your side. You failed as a broker. I should not have fallen into the trap of the ‚Çπ5 brokerage. I will not use INDmoney for trading purposes and I will advise the same to everyone. Other aspects (MF, US, Tracking) are great though."
"deeb03d0-57c2-407d-a4aa-2eaedaa67709","2025-11-21T05:53:04.689Z","google_play",3,"","I need to change my number and add another account but there is no option there, I can't even delete my account to log in again with another number. What am I supposed to do now?"
"291009bd-fd17-4b47-b656-1aeb154071e6","2025-11-21T03:38:45.300Z","google_play",1,"","bad app hai charge bahut leta hai"
"0624e765-7b31-4c0d-a179-f00bbff4fd90","2025-11-21T02:22:04.700Z","google_play",5,"","mast tax"
"71468def-dafc-40d2-9857-a9a5e1c92da1","2025-11-21T01:55:45.526Z","google_play",5,"","Simplest way to deep dive into Indian as well as Us market just by simple click... they analyse the strengthen and weakness of ur portfolio's Health cover , Vehicle Insurance ,life cover everything in single App..."
"78a529c3-bdbe-4bd8-b5c8-385a4f3c9d5b","2025-11-20T16:45:29.877Z","google_play",5,"","best"
"9766fd3d-c5d3-4735-88a8-2748b2671690","2025-11-20T14:54:38.670Z","google_play",5,"","very nice üëçüëç"
"bc6536a1-cc83-4a64-be1f-8f2937a870cc","2025-11-20T14:33:27.361Z","google_play",5,"","‚ÄúExcellent app! Easy to use and very helpful in daily tasks.‚Äù"
"265cc98b-e7a8-4553-9046-582fed8be90a","2025-11-20T14:13:48.910Z","google_play",5,"","nice"
"cb5c5e3d-221b-45ed-a73c-ab30db03a0ef","2025-11-20T13:09:42.749Z","google_play",5,"","Great app, like the UI"
"0b882bbd-f0fa-4fab-a46d-0696eefffd48","2025-11-20T12:24:28.855Z","google_play",5,"","good work"
"8b1f4b03-0250-472f-9d7b-db7e685c9398","2025-11-20T10:36:47.642Z","google_play",4,"","super"
"98542e5e-ef25-4ff6-b762-546a84fde1e5","2025-11-20T10:02:38.586Z","google_play",4,"","please bring back feature in option chain about o.i info that show info about long short covering and. long short building on different strike in Indian share,it's helping to entry exit on position"
"943dce42-739b-4eb2-a472-f9658a38dec2","2025-11-20T08:34:53.838Z","google_play",4,"","Be transparent and honest"
"46944feb-a7c7-40f5-83db-36a6f453acc6","2025-11-20T06:47:13.361Z","google_play",3,"","us trading Federal bank KYC is Very Difficult many I many time trying please improve this."
"b3a2f7c5-bea4-4b6a-a57d-c721ebf1c5c4","2025-11-20T06:02:29.457Z","google_play",5,"","very good stock appüëçüòä"
"ce2856e3-e038-441b-ab80-3466a57920f7","2025-11-20T05:22:00.365Z","google_play",5,"","Indmoney provide lot of advanced features that your investment or trading journey more easy. This app interface very attractive ü§©. This app very fast . IND Money is a all in online solution for stock market. ‚ù§Ô∏è‚ù§Ô∏è‚ù§Ô∏è. 20.08.25 IND Money new update for Indian Stocks very impressive ‚ù§Ô∏è. 20.11.25 - New update regarding watchlist is good."
"6970a70d-dbeb-4765-a48d-ab929871b4f0","2025-11-20T03:51:43.241Z","google_play",5,"","wonder full app"
"20886ae1-460e-4702-a3f3-0b960d64287d","2025-11-19T18:34:04.523Z","google_play",5,"","extraordinary application."
"b91ef82a-40d6-4703-be27-65038d09c48c","2025-11-19T18:14:45.865Z","google_play",5,"","ok"
"33c02920-9d85-47e9-8682-1e6f669c9caa","2025-11-19T16:46:05.689Z","google_play",1,"","Customer care service is not good."
"2ed72956-bff7-40b3-bd36-6f499354f496","2025-11-19T15:12:30.568Z","google_play",5,"","good"
"cee3f4b1-1934-4ef3-ae01-947db15ebc53","2025-11-19T14:22:20.104Z","google_play",5,"","ok"
"9ec73b5f-0a57-42a9-92d1-9a6bf6902519","2025-11-19T13:31:01.670Z","google_play",5,"","nice Aap"
"04286dbf-7d14-48b5-a124-a335a65abeae","2025-11-19T13:17:14.545Z","google_play",4,"","Great"
"29f35609-8762-444b-9587-29ab30a79976","2025-11-19T13:08:03.403Z","google_play",5,"","very nice super"
"e7ee8689-cd1a-4f62-99e8-0fbe6db397c9","2025-11-19T13:00:56.417Z","google_play",5,"","nice application ü•∞üòç‚ù§Ô∏è no server issues... us stocks amazing ü§©.. i refer to my friends this application..."
"a165edbf-35cf-44c7-8c31-cdea22f754b1","2025-11-19T08:40:30.923Z","google_play",5,"","good"
"f51ee429-8075-45ed-90a4-5334b627d800","2025-11-19T07:26:40.103Z","google_play",4,"","I want to request the INDMoney team/developers to show the latest price of stock or options in the Order tab as well. This will help us see price fluctuations and decide whether we should cancel the order or let it get executed. Also, there should be a Reorder option in cancelled orders so we can place the same order again from there."
"3cafd736-3566-432e-8365-20301e17251b","2025-11-19T07:26:35.859Z","google_play",1,"","supar"
"09d0b6cd-c5bb-41dd-973b-71104f9ceb0a","2025-11-19T07:01:08.590Z","google_play",5,"","Best app for Indian stocks, mutual funds and foreign stocks. All in one app."
"13415378173","2025-11-19T04:36:01.000Z","app_store",1,"Bad application","Very bad application. No proper customer support. Unnecessarily block your account. So it is very risky app"
"fc08490e-ffdc-4576-9353-c38964eb141f","2025-11-19T04:34:49.281Z","google_play",3,"","nice"
"494f487a-5ac0-42d5-bd93-354ce39b3e4e","2025-11-19T04:04:25.170Z","google_play",1,"","Very low costumer sport"
"ba31ca73-7b9b-4736-8192-2a48faa1c5a7","2025-11-18T18:53:28.200Z","google_play",5,"","super app"
"13413801712","2025-11-18T17:48:14.000Z","app_store",1,"Randi rona App","Take more than 48 hours for fund settlement üëé it‚Äôs better to use other apps"
"c4079b99-d74a-4d7d-99b4-e097496de215","2025-11-18T16:33:55.254Z","google_play",1,"","App is too slow to respond every clicks.."
"01d88b4d-ef4a-48b7-b69d-8d00e3314970","2025-11-18T15:01:28.647Z","google_play",5,"","Great app for investing in Indian & US stocks, IPOs, SIPs, Mutual Funds & checking your net worth all in one place; keep it up."
"26cd1192-349f-4d86-9eb7-78c805fadbd3","2025-11-18T13:48:25.404Z","google_play",4,"","nice app"
"d449346d-b392-44e4-a481-055f58495eda","2025-11-18T13:43:09.879Z","google_play",5,"","this app is my dream app"
"ec4d48cb-b34c-40ac-b6d5-db777ddc8d63","2025-11-18T10:43:47.106Z","google_play",5,"","good service"
"e57d7b7a-9fac-455b-b887-31ea40af0d1f","2025-11-18T06:58:08.461Z","google_play",1,"","we are not mad, trying to do kyc but everytime there is technical error you should improve the app. can't keep on trying for this."
"365763ea-6e76-48c3-934a-9a30563593f5","2025-11-18T05:47:40.336Z","google_play",5,"","nice"
"d701fafd-6bab-404d-a4f1-1b80ceebc8da","2025-11-18T05:31:07.445Z","google_play",5,"","very good application. great option of 10k mtf funding without interest. hope you wont make changes in upcoming days."
"5f3a2a78-4c69-425a-be04-ee9d260a7bbe","2025-11-18T01:38:07.722Z","google_play",5,"","supar"
"bc957d02-c6bf-4021-a4b6-0a8d00059407","2025-11-17T23:15:54.187Z","google_play",5,"","Hoping for a zero Forex lifetime free credit card for stocks, equity, IPO, mutual funds purchases and domestic as well as international use"
"82c7abb8-1d8c-4de4-8956-a774222ee6ea","2025-11-17T19:43:42.859Z","google_play",1,"","ghatiya game"
"3dbc574c-7d38-4b2c-a259-d80525b15f84","2025-11-17T17:44:11.407Z","google_play",5,"","excellent work"
"13409842771","2025-11-17T16:55:54.000Z","app_store",5,"INDmoney - The Best","Great app with easy to use feature"
"77d4c6a7-17ee-4787-a8fe-3559f5a0db43","2025-11-17T16:30:29.775Z","google_play",5,"","üëç"
"0bbfc2a1-ce8c-40be-948a-e9d93b574904","2025-11-17T11:28:46.845Z","google_play",5,"","the tracking of external mf is not real time and even it doesn't get updated as per actual. other competitors have much better UI to track external mf on one app. please consider this feedback."
"ca04a45a-72c9-4948-a484-fadd58ec296e","2025-11-17T11:12:39.380Z","google_play",4,"","good app"
"251e3038-dfb4-4809-8a55-bfb26f4bc1cb","2025-11-17T08:20:59.188Z","google_play",5,"","super üëç"
"9316a0c8-35e0-4192-b17d-bb0e8139b26a","2025-11-17T04:48:05.800Z","google_play",5,"","Love the app. Especially for US investing. Feedback: Please add XIRR into stock performance. There's no way to see XIRR at the moment."
"c4ea9e9b-2cb1-4e18-9860-4c0bf5617221","2025-11-17T03:50:21.424Z","google_play",5,"","No Code Needed"
"13407637120","2025-11-17T03:18:38.000Z","app_store",5,"Best App for mutual fund Investment","Best app for mutual fund and Us stock investment"
"7d9513a3-525b-4fb7-adfe-3d063e26fdc5","2025-11-17T01:47:02.240Z","google_play",5,"","good"
"25f84d38-5761-4ce3-af8a-a1b8a8565632","2025-11-16T22:44:02.972Z","google_play",5,"","all good"
"90af5b73-2a8d-446c-9711-5be7e4487fcb","2025-11-16T17:41:23.170Z","google_play",5,"","very nice"
"a6ce3c09-7f65-4942-a6cf-6893cac7de59","2025-11-16T16:45:01.190Z","google_play",5,"","best sarvice"
"4125eb4d-5e5b-49a0-a9de-23700030e077","2025-11-16T13:18:34.932Z","google_play",1,"","nahi chahiye"
"f6d4aaaa-2a03-4048-ae8e-8ff988d896d9","2025-11-16T12:34:00.995Z","google_play",5,"","very good"
"13404986126","2025-11-16T12:24:16.000Z","app_store",5,"Convenient","So far this App is very good and lot of exposure to users"
"ba1198ba-1294-45ca-9484-79695bf9fd76","2025-11-16T10:54:07.104Z","google_play",5,"","I love it"
"143b8eda-faa4-408f-85d8-eae72f2168b3","2025-11-16T10:32:56.878Z","google_play",4,"","AMAZING"
"13404310761","2025-11-16T08:33:38.000Z","app_store",2,"Money deducted but recharge not found","I recharged my mobile using your app, but it showed ‚Äúpending‚Äù even though the money was deducted from my account. I did not receive the recharge, and even after 48 hours, I neither got the recharge nor a refund. I also contacted your customer care, but I didn‚Äôt get any response."
"fe7e431a-94c1-453d-9330-81b9f9eb5fe5","2025-11-16T07:27:50.795Z","google_play",5,"","BEST EXPERIENCE"
"13403967318","2025-11-16T06:16:36.000Z","app_store",3,"Customise it for iPad","Please customise the app for iPad ????"
"3531e7d7-1786-4a99-ab96-2129f0e307de","2025-11-16T03:46:55.817Z","google_play",1,"","unable to login kindly help me. The problem is all about my previous gmail account which is not available"
"4da4cb91-14df-4b10-94f8-14363818ffc2","2025-11-16T02:52:03.926Z","google_play",5,"","help full app , very transparent , its nice choice"
"57618afa-ae41-4d58-b6a2-dacde3b17a8a","2025-11-15T19:38:26.879Z","google_play",5,"","üíì"
"d2c8311a-3e59-4416-b0fb-3bd749ccc562","2025-11-15T17:04:49.144Z","google_play",5,"","super"
"b05adb76-db58-453e-b583-0abda4f51fc6","2025-11-15T16:41:46.240Z","google_play",1,"","zoho ko bhi sync kro bhai"
"3577ff7b-b352-43a0-a0fd-2532458e9d49","2025-11-15T15:55:49.315Z","google_play",4,"","good service"
"febc36ec-ae3d-41f8-a639-08f04ab587df","2025-11-15T15:45:38.525Z","google_play",4,"","When I was trying to convert my RI demat&MF account to NRO account, the CS representative requested me to translate the foreign address proof document to English. However, the same document was translated by ICICIBANK and HDFC banks by themselves during account conversion. I think if INDMoney really cares about customer to use their services seamlessly, they should have translation team to translate foreign address proofs for NRIs."
"b1a180ee-9d01-4b1c-962b-32bdb50edcca","2025-11-15T14:55:15.884Z","google_play",5,"","FANTASTIC VERY MUCH TRANSPARENT TECHNICALLY VERY SOUND"
"180d6052-9b03-4d34-a513-2598a12ecc6d","2025-11-15T12:41:14.560Z","google_play",5,"","Good"
"949b357e-9ec1-4712-b9e3-623379afe57f","2025-11-15T10:07:08.746Z","google_play",5,"","superb performance"
"32bee672-32c8-4f3a-87c4-944797fb62ba","2025-11-15T08:08:22.478Z","google_play",1,"","ok"
"13399995591","2025-11-15T07:56:50.000Z","app_store",1,"For Indian Stock they are useless","They don‚Äôt allow you to track bonds in the account there is not way to track bonds in the same place other than giving full Gmail access and god know what they will use from that full gmail acess"
"53dde875-cd1c-4bae-9dd4-cab84096d31b","2025-11-15T07:24:34.305Z","google_play",5,"","The application is nice and easy to access. It seems authentic as it takes all legal formalities like eSign and Aadhaar authentication while registering the application. Advisable to new investors."
"5808339e-8e90-4528-8ceb-9a4a29004e97","2025-11-15T07:12:09.850Z","google_play",1,"","late withdrawal"
"d5c7320e-90a9-4a35-8a0b-5287862f83a4","2025-11-15T06:34:50.304Z","google_play",5,"","good"
"9006dbe7-6e1a-4c02-a65d-05df25aea8c6","2025-11-15T04:42:16.877Z","google_play",2,"","good"
"c6fab18e-cff8-49f3-98d8-80c775939461","2025-11-15T03:44:27.336Z","google_play",5,"","very nice app easy too use and good staff and payment is very easy I love it"
"836ec913-5e99-4d9a-bf53-f8944cb11445","2025-11-15T02:37:25.423Z","google_play",5,"","good"
"b955179a-624f-4fee-923b-33c9ff41e49e","2025-11-15T00:35:28.804Z","google_play",5,"","Need advance Training please"
"4b65d16a-ef69-4b7a-82b5-3744cce76bde","2025-11-14T17:29:16.613Z","google_play",5,"","Best app for US stock investment"
"1ebb2f9b-77a6-4618-b6a2-5918ce6d96c7","2025-11-14T16:38:05.367Z","google_play",5,"","Good üëç"
"063665ce-79fc-4314-bc50-120c2e49770a","2025-11-14T16:31:10.143Z","google_play",5,"","good üëç"
"13397443582","2025-11-14T16:11:53.000Z","app_store",5,"Nice","Nice"
"2ebe3e2e-ec4f-4932-8fc9-2eb4107d04b2","2025-11-14T16:05:26.290Z","google_play",1,"","Why my tracker only showing Bank? Where is EPF and EPS? Why my window is different from others. Updated, still not working."
"b1e07029-001a-4724-acc9-cc9d036e71a4","2025-11-14T15:14:44.360Z","google_play",5,"","best in new users ü´µ"
"8e6c12a9-0a89-4032-aa01-51ea6a771f6c","2025-11-14T14:32:52.772Z","google_play",4,"","okay"
"d0372cfc-df63-4b9a-bf98-4b7f1cda3f6e","2025-11-14T12:34:14.982Z","google_play",4,"","Us stocks investing through Indmoney is strictly not recommended, the backend is unstable and your account will be frozen regularly. The networth tracking feature pulled up my app rating from 1star to 4 stars. welldone"
"4ac410bb-4d83-438f-84cf-1754cce551c0","2025-11-14T12:29:55.992Z","google_play",1,"","I am an old customer of Indmoney Money but I have to face some issues like KYC recording. I had kept my account closed for 12 months, so the option of deactivation is coming and when I clicked, the problem should have been solved in three-four days, at the most it has not been solved yet and the reactivation option is showing on the dashboard of Indmoney, it will be solved in 30 minutes, next 30 minutes, now 10 days are about to complete and the KYC problem is not solved yet."
"7c2ec51f-1d96-4958-b671-5924fb3d0a2d","2025-11-14T12:29:42.362Z","google_play",5,"","best app ‚ò∫Ô∏è"
"e4e87d9a-40fa-4b31-8854-0f474a802a79","2025-11-14T11:14:17.722Z","google_play",5,"","nice"
"3549fa26-4d2a-4988-b978-acdd8124e61b","2025-11-14T10:17:33.896Z","google_play",5,"","very good"
"a3365630-9fa1-4bbe-8995-e26a3d9a4173","2025-11-14T08:52:53.726Z","google_play",1,"","Unable to download reports"
"13395367140","2025-11-14T04:23:12.000Z","app_store",1,"Pretty Bad Helpdesk, don‚Äôt use for stocks","I am not able to sell the shares, since past 4 days I am trying to connect with support but I guess no one is there, it show they will call in 15 minutes but it‚Äôs like bogus.  Don‚Äôt use this app if you are opting to trade in stocks.  I am stuck with my Money."
"13395281350","2025-11-14T03:43:25.000Z","app_store",2,"Scam","This app takes an hour to update in the morning, and by then it's already scamming BTSC users. If you try to change the indicator inputs, they won't change."
"b0cab17b-5a42-4aae-ba89-7952bb4d6ddc","2025-11-14T03:28:21.703Z","google_play",5,"","good üòä"
"c413031a-b385-49aa-a753-3b05be676ade","2025-11-14T03:06:55.763Z","google_play",5,"","very good app for locals as well as NRI s"
"eaca104f-ec9f-4355-bcbc-94421d8e3c10","2025-11-14T02:22:23.905Z","google_play",5,"","great, lots of improvment made by team specially in trading, pnl etc...now please provide a stong full api support like option chain data through api etc"
"142ec184-efec-49da-8420-baa36851e153","2025-11-14T02:16:09.915Z","google_play",3,"","need more instruments on chart reading in F and O"
"f556fc45-06cb-4384-a256-30dae6823bc3","2025-11-13T19:47:39.852Z","google_play",5,"","super"
"fa5fdaf3-10db-4cc1-91cc-2072810b8b3f","2025-11-13T16:32:43.917Z","google_play",5,"","nice"
"2875c8c5-217b-416b-ab93-2ef94b67884d","2025-11-13T15:20:21.330Z","google_play",4,"","its has more features and datas for investing"
"a309d2e4-62c5-4230-a0c6-fe512917543d","2025-11-13T14:38:45.957Z","google_play",5,"","SUPER APP LOVE IT"
"13392959249","2025-11-13T13:54:48.000Z","app_store",5,"The best app for overseas investing","Whoever knows this app are gonna be that 1% Rich by investing in Nasdaq üòÄ"
"098b5e4d-3ea1-4951-bb2c-a017eab48660","2025-11-13T12:14:39.393Z","google_play",5,"","nice"
"f03a712d-7cce-4e93-a4f1-aff3265215d6","2025-11-13T10:17:03.329Z","google_play",5,"","good app"
"86e061b6-d319-4b6f-9e44-2cd497b16e94","2025-11-13T08:43:01.191Z","google_play",4,"","after new update raise ticket option is missing"
"21d19210-1d92-4a6a-a670-af0eb9cf1574","2025-11-13T05:57:13.485Z","google_play",5,"","very good"
"13391590706","2025-11-13T05:47:54.000Z","app_store",3,"Thakre","After update price refreshing slow.  RSI etc not getting"
"e1b716f5-b392-49b8-8658-9e829e3735cf","2025-11-13T04:37:23.676Z","google_play",5,"","Good"
"455fbc9f-8546-446a-a947-ad678ef0b19a","2025-11-13T04:22:25.959Z","google_play",5,"","good app"
"4236b773-ed3b-417a-b011-29c0b3bda7a4","2025-11-13T03:58:11.638Z","google_play",5,"","aap is not supported for full function. Sometimes the app hangs. could not continuity used."
"b215dba7-93c4-4574-842d-d9836c585c1f","2025-11-13T03:56:56.362Z","google_play",1,"","i raised so many compliments but not resolved"
"a786f9cc-6c8c-4298-9eca-5ce0bebd2e0d","2025-11-13T00:45:12.421Z","google_play",5,"","good"
"2873a97c-57d7-463d-bf52-f70a7c9cb429","2025-11-12T17:41:57.244Z","google_play",1,"","if it is financial app why do you need to listen to audio my health data and access to photos and videos.."